{
  "project_info": {
    "project_number": "62159563760",
    "project_id": "cravybites-d6fb9",
    "storage_bucket": "cravybites-d6fb9.appspot.com"
  },
  "client": [
    {
      "client_info": {
        "mobilesdk_app_id": "1:62159563760:android:0b66d61e83f1936b840b35",
        "android_client_info": {
          "package_name": "com.cravy.bites"
        }
      },
      "oauth_client": [
        {
          "client_id": "62159563760-cqr78o2u31obu4a9h09bdt70vhddug1p.apps.googleusercontent.com",
          "client_type": 3
        }
      ],
      "api_key": [
        {
          "current_key": "AIzaSyDhAi9E4m1EF0uDcW_hiCXXW6eDJofDq2I"
        }
      ],
      "services": {
        "appinvite_service": {
          "other_platform_oauth_client": [
            {
              "client_id": "62159563760-cqr78o2u31obu4a9h09bdt70vhddug1p.apps.googleusercontent.com",
              "client_type": 3
            }
          ]
        }
      }
    }
  ],
  "configuration_version": "1"
}